日付,ポートフォリオ名,キャンペーンの種類,キャンペーン名,国,ステータス,通貨,予算,ターゲティングタイプ,入札戦略,インプレッション,昨年のインプレッション数,クリック数,昨年のクリック数,クリックスルー率（CTR）,広告費,昨年の支出,クリック課金制（CPC）,昨年のクリック単価（CPC）,広告がクリックされてから7日間の合計注文数,広告費売上高比率（ACOS）合計,広告費用対効果（ROAS）合計,広告がクリックされてから7日間の総売上高
"Aug 01, 2026",_itsumo運用分,スポンサープロダクト広告,SP_指名_個包装_itsumo,日本,ENABLED,JPY,¥10000.0,マニュアルターゲティング,動的な入札 - ダウンのみ,520,3,0,0,0.0%,¥0.0,¥0.0,¥0.0,¥0.0,0,0.0%,0.0,¥0.0
"Aug 01, 2026",_itsumo運用分,スポンサープロダクト広告,SP_一般(ギフト系KW)_おかラングドシャ_itsumo,日本,ENABLED,JPY,¥20000.0,マニュアルターゲティング,動的な入札 - ダウンのみ,9561,,52,,0.544%,¥3308.38,,¥63.6226923,¥0.0,0,0.0%,0.0,¥0.0
"Aug 01, 2026",_itsumo運用分,スポンサープロダクト広告,SP_PT他社_オカラングドシャ30本入り個包装_itsumo,日本,ENABLED,JPY,¥20000.0,マニュアルターゲティング,動的な入札 - ダウンのみ,8137,178,22,3,0.27%,¥1272.76,¥82.94,¥57.8527273,¥27.6466667,2,25.455%,3.93,¥5000.0
"Aug 01, 2026",_itsumo運用分,スポンサープロダクト広告,おかラングドシャ_SP_完全一致_itsumo,日本,ENABLED,JPY,¥10000.0,マニュアルターゲティング,動的な入札 - ダウンのみ,252,54,0,0,0.0%,¥0.0,¥0.0,¥0.0,¥0.0,0,0.0%,0.0,¥0.0
"Aug 01, 2026",_itsumo運用分,スポンサープロダクト広告,オート_オカラングドシャ30本入り個包装_itsumo,日本,ENABLED,JPY,¥10000.0,オートターゲティング,動的な入札 - ダウンのみ,21071,246,75,2,0.356%,¥3709.87,¥70.37,¥49.464933300000006,¥35.185,3,27.413999999999998%,3.65,¥13533.0
"Aug 01, 2026",_itsumo運用分,スポンサープロダクト広告,SP_一般_オカラングドシャ30本入り個包装_itsumo,日本,ENABLED,JPY,¥100000.0,マニュアルターゲティング,動的な入札 - ダウンのみ,6770,2269,27,7,0.39899999999999997%,¥1221.84,¥467.57,¥45.2533333,¥66.7957143,2,24.437%,4.09,¥5000.0
"Aug 02, 2026",_itsumo運用分,スポンサープロダクト広告,SP_一般_オカラングドシャ30本入り個包装_itsumo,日本,ENABLED,JPY,¥100000.0,マニュアルターゲティング,動的な入札 - ダウンのみ,9126,8013,37,32,0.40499999999999997%,¥1946.78,¥1964.77,¥52.615675700000004,¥61.3990625,3,25.174999999999997%,3.97,¥7733.0
"Aug 02, 2026",_itsumo運用分,スポンサープロダクト広告,SP_指名_個包装_itsumo,日本,ENABLED,JPY,¥10000.0,マニュアルターゲティング,動的な入札 - ダウンのみ,635,,2,,0.315%,¥52.5,,¥26.25,¥0.0,1,2.1%,47.62,¥2500.0
"Aug 02, 2026",_itsumo運用分,スポンサープロダクト広告,SP_PT他社_オカラングドシャ30本入り個包装_itsumo,日本,ENABLED,JPY,¥20000.0,マニュアルターゲティング,動的な入札 - ダウンのみ,9645,1631,32,11,0.332%,¥1973.29,¥373.66,¥61.6653125,¥33.9690909,2,22.424%,4.46,¥8800.0
"Aug 02, 2026",_itsumo運用分,スポンサープロダクト広告,おかラングドシャ_SP_完全一致_itsumo,日本,ENABLED,JPY,¥10000.0,マニュアルターゲティング,動的な入札 - ダウンのみ,287,194,2,0,0.697%,¥128.0,¥0.0,¥64.0,¥0.0,0,0.0%,0.0,¥0.0
"Aug 02, 2026",_itsumo運用分,スポンサープロダクト広告,オート_オカラングドシャ30本入り個包装_itsumo,日本,ENABLED,JPY,¥10000.0,オートターゲティング,動的な入札 - ダウンのみ,26129,731,81,2,0.31%,¥3848.94,¥55.2,¥47.517777800000005,¥27.6,3,51.319%,1.95,¥7500.0
"Aug 02, 2026",_itsumo運用分,スポンサープロダクト広告,SP_一般(ギフト系KW)_おかラングドシャ_itsumo,日本,ENABLED,JPY,¥20000.0,マニュアルターゲティング,動的な入札 - ダウンのみ,12715,,49,,0.385%,¥3159.49,,¥64.4793878,¥0.0,3,31.703%,3.15,¥9966.0
"Aug 03, 2026",_itsumo運用分,スポンサープロダクト広告,SP_一般_オカラングドシャ30本入り個包装_itsumo,日本,ENABLED,JPY,¥100000.0,マニュアルターゲティング,動的な入札 - ダウンのみ,7912,8282,21,25,0.265%,¥1004.58,¥1679.14,¥47.837142899999996,¥67.1656,1,15.946%,6.27,¥6300.0
"Aug 03, 2026",_itsumo運用分,スポンサープロダクト広告,SP_一般(ギフト系KW)_おかラングドシャ_itsumo,日本,ENABLED,JPY,¥20000.0,マニュアルターゲティング,動的な入札 - ダウンのみ,10460,,43,,0.411%,¥2602.06,,¥60.51302330000001,¥0.0,0,0.0%,0.0,¥0.0
"Aug 03, 2026",_itsumo運用分,スポンサープロダクト広告,オート_オカラングドシャ30本入り個包装_itsumo,日本,ENABLED,JPY,¥10000.0,オートターゲティング,動的な入札 - ダウンのみ,25698,831,67,2,0.261%,¥3080.0,¥52.0,¥45.9701493,¥26.0,1,123.2%,0.81,¥2500.0
"Aug 03, 2026",_itsumo運用分,スポンサープロダクト広告,SP_指名_個包装_itsumo,日本,ENABLED,JPY,¥10000.0,マニュアルターゲティング,動的な入札 - ダウンのみ,451,,1,,0.22200000000000003%,¥46.0,,¥46.0,¥0.0,1,1.8399999999999999%,54.35,¥2500.0
"Aug 03, 2026",_itsumo運用分,スポンサープロダクト広告,SP_PT他社_オカラングドシャ30本入り個包装_itsumo,日本,ENABLED,JPY,¥20000.0,マニュアルターゲティング,動的な入札 - ダウンのみ,7592,3889,31,29,0.40800000000000003%,¥1837.79,¥1417.21,¥59.2835484,¥48.869310299999995,1,73.512%,1.36,¥2500.0
"Aug 03, 2026",_itsumo運用分,スポンサープロダクト広告,おかラングドシャ_SP_完全一致_itsumo,日本,ENABLED,JPY,¥10000.0,マニュアルターゲティング,動的な入札 - ダウンのみ,216,136,1,0,0.46299999999999997%,¥23.0,¥0.0,¥23.0,¥0.0,0,0.0%,0.0,¥0.0
"Aug 04, 2026",_itsumo運用分,スポンサープロダクト広告,オート_オカラングドシャ30本入り個包装_itsumo,日本,ENABLED,JPY,¥10000.0,オートターゲティング,動的な入札 - ダウンのみ,17727,515,54,3,0.305%,¥2486.02,¥96.0,¥46.0374074,¥32.0,5,14.624%,6.84,¥17000.0
"Aug 04, 2026",_itsumo運用分,スポンサープロダクト広告,SP_一般_オカラングドシャ30本入り個包装_itsumo,日本,ENABLED,JPY,¥100000.0,マニュアルターゲティング,動的な入札 - ダウンのみ,8178,7625,32,18,0.391%,¥1508.79,¥1089.18,¥47.1496875,¥60.51,1,21.302%,4.69,¥7083.0
"Aug 04, 2026",_itsumo運用分,スポンサープロダクト広告,SP_一般(ギフト系KW)_おかラングドシャ_itsumo,日本,ENABLED,JPY,¥20000.0,マニュアルターゲティング,動的な入札 - ダウンのみ,2953,1596,12,6,0.406%,¥629.91,¥329.65,¥52.4925,¥54.9416667,2,8.709%,11.48,¥7233.0
"Aug 04, 2026",_itsumo運用分,スポンサープロダクト広告,おかラングドシャ_SP_完全一致_itsumo,日本,ENABLED,JPY,¥10000.0,マニュアルターゲティング,動的な入札 - ダウンのみ,211,340,5,1,2.37%,¥189.0,¥34.0,¥37.8,¥34.0,0,0.0%,0.0,¥0.0
"Aug 04, 2026",_itsumo運用分,スポンサープロダクト広告,SP_指名_個包装_itsumo,日本,ENABLED,JPY,¥10000.0,マニュアルターゲティング,動的な入札 - ダウンのみ,458,,0,,0.0%,¥0.0,,¥0.0,¥0.0,0,0.0%,0.0,¥0.0
"Aug 04, 2026",_itsumo運用分,スポンサープロダクト広告,SP_PT他社_オカラングドシャ30本入り個包装_itsumo,日本,ENABLED,JPY,¥20000.0,マニュアルターゲティング,動的な入札 - ダウンのみ,6175,2879,30,12,0.486%,¥1652.51,¥539.37,¥55.0836667,¥44.9475,5,13.22%,7.56,¥12500.0
"Aug 05, 2026",_itsumo運用分,スポンサープロダクト広告,SP_PT他社_オカラングドシャ30本入り個包装_itsumo,日本,ENABLED,JPY,¥20000.0,マニュアルターゲティング,動的な入札 - ダウンのみ,7223,3631,24,13,0.332%,¥1415.52,¥562.67,¥58.98,¥43.282307700000004,2,28.310000000000002%,3.53,¥5000.0
"Aug 05, 2026",_itsumo運用分,スポンサープロダクト広告,おかラングドシャ_SP_完全一致_itsumo,日本,ENABLED,JPY,¥10000.0,マニュアルターゲティング,動的な入札 - ダウンのみ,166,770,3,0,1.807%,¥153.22,¥0.0,¥51.0733333,¥0.0,0,0.0%,0.0,¥0.0
"Aug 05, 2026",_itsumo運用分,スポンサープロダクト広告,SP_指名_個包装_itsumo,日本,ENABLED,JPY,¥10000.0,マニュアルターゲティング,動的な入札 - ダウンのみ,212,,1,,0.47200000000000003%,¥1.5,,¥1.5,¥0.0,0,0.0%,0.0,¥0.0
"Aug 05, 2026",_itsumo運用分,スポンサープロダクト広告,オート_オカラングドシャ30本入り個包装_itsumo,日本,ENABLED,JPY,¥10000.0,オートターゲティング,動的な入札 - ダウンのみ,19843,637,68,5,0.34299999999999997%,¥3220.02,¥184.0,¥47.353235299999994,¥36.8,3,42.934%,2.33,¥7500.0
"Aug 05, 2026",_itsumo運用分,スポンサープロダクト広告,SP_一般_オカラングドシャ30本入り個包装_itsumo,日本,ENABLED,JPY,¥100000.0,マニュアルターゲティング,動的な入札 - ダウンのみ,7993,5501,29,12,0.363%,¥1370.82,¥749.33,¥47.269655199999995,¥62.4441667,1,30.463%,3.28,¥4500.0
"Aug 05, 2026",_itsumo運用分,スポンサープロダクト広告,SP_一般(ギフト系KW)_おかラングドシャ_itsumo,日本,ENABLED,JPY,¥20000.0,マニュアルターゲティング,動的な入札 - ダウンのみ,1079,5570,4,13,0.371%,¥165.0,¥790.55,¥41.25,¥60.8115385,0,0.0%,0.0,¥0.0
"Aug 06, 2026",_itsumo運用分,スポンサープロダクト広告,オート_オカラングドシャ30本入り個包装_itsumo,日本,ENABLED,JPY,¥10000.0,オートターゲティング,動的な入札 - ダウンのみ,19740,1976,64,4,0.32399999999999995%,¥3144.54,¥117.86,¥49.1334375,¥29.465,5,21.279%,4.7,¥14778.0
"Aug 06, 2026",_itsumo運用分,スポンサープロダクト広告,SP_一般(ギフト系KW)_おかラングドシャ_itsumo,日本,ENABLED,JPY,¥20000.0,マニュアルターゲティング,動的な入札 - ダウンのみ,1191,5182,11,21,0.924%,¥590.01,¥1241.16,¥53.637272700000004,¥59.1028571,0,0.0%,0.0,¥0.0
"Aug 06, 2026",_itsumo運用分,スポンサープロダクト広告,おかラングドシャ_SP_完全一致_itsumo,日本,ENABLED,JPY,¥10000.0,マニュアルターゲティング,動的な入札 - ダウンのみ,228,464,0,1,0.0%,¥0.0,¥34.0,¥0.0,¥34.0,0,0.0%,0.0,¥0.0
"Aug 06, 2026",_itsumo運用分,スポンサープロダクト広告,SP_PT他社_オカラングドシャ30本入り個包装_itsumo,日本,ENABLED,JPY,¥20000.0,マニュアルターゲティング,動的な入札 - ダウンのみ,8020,5147,33,24,0.411%,¥1737.45,¥1192.74,¥52.65,¥49.6975,2,34.749%,2.88,¥5000.0
"Aug 06, 2026",_itsumo運用分,スポンサープロダクト広告,SP_一般_オカラングドシャ30本入り個包装_itsumo,日本,ENABLED,JPY,¥100000.0,マニュアルターゲティング,動的な入札 - ダウンのみ,7479,5787,40,21,0.5349999999999999%,¥1837.15,¥1155.27,¥45.92875,¥55.0128571,1,73.48599999999999%,1.36,¥2500.0
"Aug 06, 2026",_itsumo運用分,スポンサープロダクト広告,SP_指名_個包装_itsumo,日本,ENABLED,JPY,¥10000.0,マニュアルターゲティング,動的な入札 - ダウンのみ,414,,1,,0.242%,¥27.0,,¥27.0,¥0.0,0,0.0%,0.0,¥0.0
"Aug 07, 2026",_itsumo運用分,スポンサープロダクト広告,オート_オカラングドシャ30本入り個包装_itsumo,日本,ENABLED,JPY,¥10000.0,オートターゲティング,動的な入札 - ダウンのみ,12131,798,34,1,0.27999999999999997%,¥1657.55,¥27.19,¥48.751470600000005,¥27.19,3,19.889000000000003%,5.03,¥8334.0
"Aug 07, 2026",_itsumo運用分,スポンサープロダクト広告,SP_PT他社_オカラングドシャ30本入り個包装_itsumo,日本,ENABLED,JPY,¥20000.0,マニュアルターゲティング,動的な入札 - ダウンのみ,3124,807,10,7,0.32%,¥584.65,¥370.0,¥58.465,¥52.8571429,1,11.693000000000001%,8.55,¥5000.0
"Aug 07, 2026",_itsumo運用分,スポンサープロダクト広告,SP_一般(ギフト系KW)_おかラングドシャ_itsumo,日本,ENABLED,JPY,¥20000.0,マニュアルターゲティング,動的な入札 - ダウンのみ,419,1297,1,4,0.23900000000000002%,¥59.0,¥216.0,¥59.0,¥54.0,0,0.0%,0.0,¥0.0
"Aug 07, 2026",_itsumo運用分,スポンサープロダクト広告,SP_指名_個包装_itsumo,日本,ENABLED,JPY,¥10000.0,マニュアルターゲティング,動的な入札 - ダウンのみ,241,,1,,0.415%,¥69.0,,¥69.0,¥0.0,0,0.0%,0.0,¥0.0
"Aug 07, 2026",_itsumo運用分,スポンサープロダクト広告,おかラングドシャ_SP_完全一致_itsumo,日本,ENABLED,JPY,¥10000.0,マニュアルターゲティング,動的な入札 - ダウンのみ,166,75,0,0,0.0%,¥0.0,¥0.0,¥0.0,¥0.0,0,0.0%,0.0,¥0.0
"Aug 07, 2026",_itsumo運用分,スポンサープロダクト広告,SP_一般_オカラングドシャ30本入り個包装_itsumo,日本,ENABLED,JPY,¥100000.0,マニュアルターゲティング,動的な入札 - ダウンのみ,5165,991,13,4,0.252%,¥625.71,¥232.78,¥48.1315385,¥58.195,0,0.0%,0.0,¥0.0
"Aug 08, 2026",_itsumo運用分,スポンサープロダクト広告,SP_一般_オカラングドシャ30本入り個包装_itsumo,日本,ENABLED,JPY,¥100000.0,マニュアルターゲティング,動的な入札 - ダウンのみ,7296,373,37,2,0.507%,¥1680.68,¥100.64,¥45.4237838,¥50.32,0,0.0%,0.0,¥0.0
"Aug 08, 2026",_itsumo運用分,スポンサープロダクト広告,SP_指名_個包装_itsumo,日本,ENABLED,JPY,¥10000.0,マニュアルターゲティング,動的な入札 - ダウンのみ,17,,1,,5.882%,¥1.5,,¥1.5,¥0.0,0,0.0%,0.0,¥0.0
"Aug 08, 2026",_itsumo運用分,スポンサープロダクト広告,SP_PT他社_オカラングドシャ30本入り個包装_itsumo,日本,ENABLED,JPY,¥20000.0,マニュアルターゲティング,動的な入札 - ダウンのみ,1893,370,3,4,0.158%,¥103.31,¥194.0,¥34.4366667,¥48.5,2,1.859%,53.78,¥5556.0
"Aug 08, 2026",_itsumo運用分,スポンサープロダクト広告,おかラングドシャ_SP_完全一致_itsumo,日本,ENABLED,JPY,¥10000.0,マニュアルターゲティング,動的な入札 - ダウンのみ,285,32,3,0,1.053%,¥176.51,¥0.0,¥58.836666699999995,¥0.0,0,0.0%,0.0,¥0.0
"Aug 08, 2026",_itsumo運用分,スポンサープロダクト広告,オート_オカラングドシャ30本入り個包装_itsumo,日本,ENABLED,JPY,¥10000.0,オートターゲティング,動的な入札 - ダウンのみ,12241,1258,32,3,0.261%,¥1482.2,¥101.25,¥46.31875,¥33.75,4,11.116%,9.0,¥13334.0
"Aug 08, 2026",_itsumo運用分,スポンサープロダクト広告,SP_一般(ギフト系KW)_おかラングドシャ_itsumo,日本,ENABLED,JPY,¥20000.0,マニュアルターゲティング,動的な入札 - ダウンのみ,342,1073,4,5,1.17%,¥145.82,¥242.62,¥36.455,¥48.523999999999994,2,1.794%,55.75,¥8130.0
"Aug 09, 2026",_itsumo運用分,スポンサープロダクト広告,SP_指名_個包装_itsumo,日本,ENABLED,JPY,¥10000.0,マニュアルターゲティング,動的な入札 - ダウンのみ,24,,2,,8.333%,¥96.29,,¥48.145,¥0.0,0,0.0%,0.0,¥0.0
"Aug 09, 2026",_itsumo運用分,スポンサープロダクト広告,SP_PT他社_オカラングドシャ30本入り個包装_itsumo,日本,ENABLED,JPY,¥20000.0,マニュアルターゲティング,動的な入札 - ダウンのみ,1890,1506,5,14,0.265%,¥226.0,¥641.63,¥45.2,¥45.8307143,1,4.52%,22.12,¥5000.0
"Aug 09, 2026",_itsumo運用分,スポンサープロダクト広告,オート_オカラングドシャ30本入り個包装_itsumo,日本,ENABLED,JPY,¥10000.0,オートターゲティング,動的な入札 - ダウンのみ,12234,8609,42,47,0.34299999999999997%,¥1580.33,¥1737.03,¥37.626904800000005,¥36.9580851,5,11.376999999999999%,8.79,¥13890.0
"Aug 09, 2026",_itsumo運用分,スポンサープロダクト広告,SP_一般(ギフト系KW)_おかラングドシャ_itsumo,日本,ENABLED,JPY,¥20000.0,マニュアルターゲティング,動的な入札 - ダウンのみ,470,2128,4,7,0.851%,¥153.0,¥304.59,¥38.25,¥43.5128571,0,0.0%,0.0,¥0.0
"Aug 09, 2026",_itsumo運用分,スポンサープロダクト広告,SP_一般_オカラングドシャ30本入り個包装_itsumo,日本,ENABLED,JPY,¥100000.0,マニュアルターゲティング,動的な入札 - ダウンのみ,7208,3311,37,9,0.513%,¥1610.37,¥523.51,¥43.5235135,¥58.1677778,0,0.0%,0.0,¥0.0
"Aug 09, 2026",_itsumo運用分,スポンサープロダクト広告,おかラングドシャ_SP_完全一致_itsumo,日本,ENABLED,JPY,¥10000.0,マニュアルターゲティング,動的な入札 - ダウンのみ,244,345,1,3,0.41000000000000003%,¥36.5,¥112.63,¥36.5,¥37.5433333,0,0.0%,0.0,¥0.0
"Aug 10, 2026",_itsumo運用分,スポンサープロダクト広告,おかラングドシャ_SP_完全一致_itsumo,日本,ENABLED,JPY,¥10000.0,マニュアルターゲティング,動的な入札 - ダウンのみ,234,517,1,2,0.42700000000000005%,¥39.0,¥37.0,¥39.0,¥18.5,0,0.0%,0.0,¥0.0
"Aug 10, 2026",_itsumo運用分,スポンサープロダクト広告,SP_指名_個包装_itsumo,日本,ENABLED,JPY,¥10000.0,マニュアルターゲティング,動的な入札 - ダウンのみ,24,,5,,20.833%,¥47.4,,¥9.48,¥0.0,0,0.0%,0.0,¥0.0
"Aug 10, 2026",_itsumo運用分,スポンサープロダクト広告,オート_オカラングドシャ30本入り個包装_itsumo,日本,ENABLED,JPY,¥10000.0,オートターゲティング,動的な入札 - ダウンのみ,2866,10838,6,46,0.209%,¥215.15,¥1672.96,¥35.8583333,¥36.368695699999996,0,0.0%,0.0,¥0.0
"Aug 10, 2026",_itsumo運用分,スポンサープロダクト広告,SP_一般(ギフト系KW)_おかラングドシャ_itsumo,日本,ENABLED,JPY,¥20000.0,マニュアルターゲティング,動的な入札 - ダウンのみ,313,2382,3,12,0.958%,¥115.0,¥488.74,¥38.3333333,¥40.7283333,0,0.0%,0.0,¥0.0
"Aug 10, 2026",_itsumo運用分,スポンサープロダクト広告,SP_一般_オカラングドシャ30本入り個包装_itsumo,日本,ENABLED,JPY,¥100000.0,マニュアルターゲティング,動的な入札 - ダウンのみ,3104,4785,23,18,0.741%,¥1024.77,¥900.91,¥44.555217400000004,¥50.050555599999996,1,36.889%,2.71,¥2778.0
"Aug 10, 2026",_itsumo運用分,スポンサープロダクト広告,SP_PT他社_オカラングドシャ30本入り個包装_itsumo,日本,ENABLED,JPY,¥20000.0,マニュアルターゲティング,動的な入札 - ダウンのみ,1969,2173,6,16,0.305%,¥255.12,¥793.71,¥42.52,¥49.606875,1,9.184000000000001%,10.89,¥2778.0
"Aug 11, 2026",_itsumo運用分,スポンサープロダクト広告,SP_指名_個包装_itsumo,日本,ENABLED,JPY,¥10000.0,マニュアルターゲティング,動的な入札 - ダウンのみ,17,1,0,1,0.0%,¥0.0,¥4.5,¥0.0,¥4.5,0,0.0%,0.0,¥0.0
"Aug 11, 2026",_itsumo運用分,スポンサープロダクト広告,SP_PT他社_オカラングドシャ30本入り個包装_itsumo,日本,ENABLED,JPY,¥20000.0,マニュアルターゲティング,動的な入札 - ダウンのみ,2399,2163,9,24,0.375%,¥323.99,¥1086.55,¥35.998888900000004,¥45.272916699999996,1,11.663%,8.57,¥2778.0
"Aug 11, 2026",_itsumo運用分,スポンサープロダクト広告,SP_一般_オカラングドシャ30本入り個包装_itsumo,日本,ENABLED,JPY,¥100000.0,マニュアルターゲティング,動的な入札 - ダウンのみ,6833,5387,31,16,0.45399999999999996%,¥1370.35,¥894.04,¥44.2048387,¥55.8775,0,0.0%,0.0,¥0.0
"Aug 11, 2026",_itsumo運用分,スポンサープロダクト広告,オート_オカラングドシャ30本入り個包装_itsumo,日本,ENABLED,JPY,¥10000.0,オートターゲティング,動的な入札 - ダウンのみ,1485,10787,2,43,0.135%,¥28.26,¥1578.63,¥14.13,¥36.7123256,0,0.0%,0.0,¥0.0
"Aug 11, 2026",_itsumo運用分,スポンサープロダクト広告,SP_一般(ギフト系KW)_おかラングドシャ_itsumo,日本,ENABLED,JPY,¥20000.0,マニュアルターゲティング,動的な入札 - ダウンのみ,499,3346,2,7,0.40099999999999997%,¥75.5,¥348.87,¥37.75,¥49.8385714,0,0.0%,0.0,¥0.0
"Aug 11, 2026",_itsumo運用分,スポンサープロダクト広告,おかラングドシャ_SP_完全一致_itsumo,日本,ENABLED,JPY,¥10000.0,マニュアルターゲティング,動的な入札 - ダウンのみ,660,468,6,5,0.909%,¥191.52,¥211.5,¥31.92,¥42.3,0,0.0%,0.0,¥0.0
"Aug 12, 2026",_itsumo運用分,スポンサープロダクト広告,おかラングドシャ_SP_完全一致_itsumo,日本,ENABLED,JPY,¥10000.0,マニュアルターゲティング,動的な入札 - ダウンのみ,338,658,4,3,1.183%,¥198.0,¥124.0,¥49.5,¥41.33333330000001,0,0.0%,0.0,¥0.0
"Aug 12, 2026",_itsumo運用分,スポンサープロダクト広告,SP_一般_オカラングドシャ30本入り個包装_itsumo,日本,ENABLED,JPY,¥100000.0,マニュアルターゲティング,動的な入札 - ダウンのみ,48679,4941,138,15,0.28300000000000003%,¥8194.06,¥819.42,¥59.377246400000004,¥54.628,2,81.941%,1.22,¥10000.0
"Aug 12, 2026",_itsumo運用分,スポンサープロダクト広告,SP_指名_個包装_itsumo,日本,ENABLED,JPY,¥10000.0,マニュアルターゲティング,動的な入札 - ダウンのみ,3,7,0,0,0.0%,¥0.0,¥0.0,¥0.0,¥0.0,0,0.0%,0.0,¥0.0
"Aug 12, 2026",_itsumo運用分,スポンサープロダクト広告,SP_PT他社_オカラングドシャ30本入り個包装_itsumo,日本,ENABLED,JPY,¥20000.0,マニュアルターゲティング,動的な入札 - ダウンのみ,1956,1767,1,33,0.051000000000000004%,¥30.0,¥1485.91,¥30.0,¥45.0275758,0,0.0%,0.0,¥0.0
"Aug 12, 2026",_itsumo運用分,スポンサープロダクト広告,オート_オカラングドシャ30本入り個包装_itsumo,日本,ENABLED,JPY,¥10000.0,オートターゲティング,動的な入札 - ダウンのみ,1316,4808,3,24,0.22799999999999998%,¥57.0,¥802.48,¥19.0,¥33.4366667,0,0.0%,0.0,¥0.0
"Aug 12, 2026",_itsumo運用分,スポンサープロダクト広告,SP_一般(ギフト系KW)_おかラングドシャ_itsumo,日本,ENABLED,JPY,¥20000.0,マニュアルターゲティング,動的な入札 - ダウンのみ,571,4320,2,8,0.35000000000000003%,¥82.0,¥453.83,¥41.0,¥56.72875,0,0.0%,0.0,¥0.0
